source,redirected
"https://www-stage.pluralsight.com/cloud-guru/courses","https://www-stage.pluralsight.com/browse?categories=course"
"https://www-stage.pluralsight.com/cloud-guru/courses/introduction-to-amazon-cognito","https://www-stage.pluralsight.com/courses/introduction-to-amazon-cognito"
"https://www-stage.pluralsight.com/cloud-guru/courses/puppet-quick-start","https://www-stage.pluralsight.com/courses/puppet-quick-start"
"https://www-stage.pluralsight.com/cloud-guru/courses/introduction-to-kubernetes","https://www-stage.pluralsight.com/courses/introduction-to-kubernetes"
"https://www-stage.pluralsight.com/cloud-guru/courses/introduction-to-networking-on-azure","https://www-stage.pluralsight.com/courses/introduction-to-networking-on-azure"
"https://www-stage.pluralsight.com/cloud-guru/courses/evolving-cloudformation-deployments-on-aws","https://www-stage.pluralsight.com/courses/evolving-cloudformation-deployments-on-aws"
"https://www-stage.pluralsight.com/cloud-guru/courses/aws-govcloud-beyond-the-buzzwords","https://www-stage.pluralsight.com/courses/aws-govcloud-beyond-the-buzzwords"
"https://www-stage.pluralsight.com/cloud-guru/courses/hands-on-troubleshooting-with-terraform","https://www-stage.pluralsight.com/courses/hands-on-troubleshooting-with-terraform"
"https://www-stage.pluralsight.com/cloud-guru/courses/devops-concepts","https://www-stage.pluralsight.com/courses/devops-concepts"
"https://www-stage.pluralsight.com/cloud-guru/courses/database-essentials","https://www-stage.pluralsight.com/courses/database-essentials"
"https://www-stage.pluralsight.com/cloud-guru/courses/certified-kubernetes-security-specialist-cks","https://www-stage.pluralsight.com/courses/certified-kubernetes-security-specialist-cks"
"https://www-stage.pluralsight.com/cloud-guru/courses/leveraging-instance-scheduler-to-reduce-cost-on-aws","https://www-stage.pluralsight.com/courses/leveraging-instance-scheduler-to-reduce-cost-on-aws"
"https://www-stage.pluralsight.com/cloud-guru/courses/suse-linux-enterprise-admin-review-and-exam-prep","https://www-stage.pluralsight.com/courses/suse-linux-enterprise-admin-review-and-exam-prep"
"https://www-stage.pluralsight.com/cloud-guru/courses/data-science-basics","https://www-stage.pluralsight.com/courses/data-science-basics"
"https://www-stage.pluralsight.com/cloud-guru/courses/application-services-for-associate-aws-solutions-architects","https://www-stage.pluralsight.com/courses/application-services-for-associate-aws-solutions-architects"
"https://www-stage.pluralsight.com/cloud-guru/courses/security-by-design-thinking-for-cloud-architects","https://www-stage.pluralsight.com/courses/security-by-design-thinking-for-cloud-architects"
"https://www-stage.pluralsight.com/cloud-guru/courses/introduction-to-rancher","https://www-stage.pluralsight.com/courses/introduction-to-rancher"
"https://www-stage.pluralsight.com/cloud-guru/courses/linux-capacity-planning","https://www-stage.pluralsight.com/courses/linux-capacity-planning"
"https://www-stage.pluralsight.com/cloud-guru/courses/introduction-to-azure-vmware-cloud-solution","https://www-stage.pluralsight.com/courses/introduction-to-azure-vmware-cloud-solution"
"https://www-stage.pluralsight.com/cloud-guru/courses/intro-to-serverless-on-azure","https://www-stage.pluralsight.com/courses/intro-to-serverless-on-azure"
"https://www-stage.pluralsight.com/cloud-guru/courses/big-data-essentials","https://www-stage.pluralsight.com/courses/big-data-essentials"
"https://www-stage.pluralsight.com/cloud-guru/courses/developing-kubernetes-operators-from-the-ground-up","https://www-stage.pluralsight.com/courses/developing-kubernetes-operators-from-the-ground-up"
"https://www-stage.pluralsight.com/cloud-guru/courses/amazon-detective-deep-dive","https://www-stage.pluralsight.com/courses/amazon-detective-deep-dive"
"https://www-stage.pluralsight.com/cloud-guru/courses/build-and-deploy-pipelines-with-microsoft-azure","https://www-stage.pluralsight.com/courses/build-and-deploy-pipelines-with-microsoft-azure"
"https://www-stage.pluralsight.com/cloud-guru/courses/mariadb-cluster-admin-deep-dive","https://www-stage.pluralsight.com/courses/mariadb-cluster-admin-deep-dive"
"https://www-stage.pluralsight.com/cloud-guru/courses/etl-and-elt-basics","https://www-stage.pluralsight.com/courses/etl-and-elt-basics"
"https://www-stage.pluralsight.com/cloud-guru/courses/introduction-to-aws-security","https://www-stage.pluralsight.com/courses/introduction-to-aws-security"
"https://www-stage.pluralsight.com/cloud-guru/courses/introduction-to-identity-and-access-management-iam","https://www-stage.pluralsight.com/courses/introduction-to-identity-and-access-management-iam"
"https://www-stage.pluralsight.com/cloud-guru/courses/eks-basics","https://www-stage.pluralsight.com/courses/eks-basics"
"https://www-stage.pluralsight.com/cloud-guru/courses/ansible-playbooks-deep-dive","https://www-stage.pluralsight.com/courses/ansible-playbooks-deep-dive"
"https://www-stage.pluralsight.com/cloud-guru/courses/azure-database-administrator-associate","https://www-stage.pluralsight.com/courses/azure-database-administrator-associate"
"https://www-stage.pluralsight.com/cloud-guru/courses/helm-deep-dive-v2","https://www-stage.pluralsight.com/courses/helm-deep-dive-v2"
"https://www-stage.pluralsight.com/cloud-guru/courses/concepts-for-securing-your-servers","https://www-stage.pluralsight.com/courses/concepts-for-securing-your-servers"
"https://www-stage.pluralsight.com/cloud-guru/courses/blockchain-explained","https://www-stage.pluralsight.com/courses/blockchain-explained"
"https://www-stage.pluralsight.com/cloud-guru/courses/managing-suse-linux-enterprise","https://www-stage.pluralsight.com/courses/managing-suse-linux-enterprise"
"https://www-stage.pluralsight.com/cloud-guru/courses/becoming-familiar-with-suse-linux-enterprise","https://www-stage.pluralsight.com/courses/becoming-familiar-with-suse-linux-enterprise"
"https://www-stage.pluralsight.com/cloud-guru/courses/practical-event-driven-security-with-aws","https://www-stage.pluralsight.com/courses/practical-event-driven-security-with-aws"
"https://www-stage.pluralsight.com/cloud-guru/courses/jenkins-fundamentals","https://www-stage.pluralsight.com/courses/jenkins-fundamentals"
"https://www-stage.pluralsight.com/cloud-guru/courses/red-hat-certified-specialist-in-performance-tuning-ex442","https://www-stage.pluralsight.com/courses/red-hat-certified-specialist-in-performance-tuning-ex442"
"https://www-stage.pluralsight.com/cloud-guru/courses/gui-programming-with-python","https://www-stage.pluralsight.com/courses/gui-programming-with-python"
"https://www-stage.pluralsight.com/cloud-guru/courses/how-to-get-started-with-azure","https://www-stage.pluralsight.com/courses/how-to-get-started-with-azure"
"https://www-stage.pluralsight.com/cloud-guru/courses/hands-on-with-haproxy-load-balancer","https://www-stage.pluralsight.com/courses/hands-on-with-haproxy-load-balancer"
"https://www-stage.pluralsight.com/cloud-guru/courses/advanced-storage-and-device-administration-in-linux","https://www-stage.pluralsight.com/courses/advanced-storage-and-device-administration-in-linux"
"https://www-stage.pluralsight.com/cloud-guru/courses/certified-entry-level-python-programmer-certification","https://www-stage.pluralsight.com/courses/certified-entry-level-python-programmer-certification"
"https://www-stage.pluralsight.com/cloud-guru/courses/cloud-computing-foundations","https://www-stage.pluralsight.com/courses/cloud-computing-foundations"
"https://www-stage.pluralsight.com/cloud-guru/courses/encryption-fundamentals","https://www-stage.pluralsight.com/courses/encryption-fundamentals"
"https://www-stage.pluralsight.com/cloud-guru/courses/getting-started-with-azure-machine-learning-studio","https://www-stage.pluralsight.com/courses/getting-started-with-azure-machine-learning-studio"
"https://www-stage.pluralsight.com/cloud-guru/courses/advanced-perspective-of-classes-and-object-oriented-programming-in-python","https://www-stage.pluralsight.com/courses/advanced-perspective-of-classes-and-object-oriented-programming-in-python"
"https://www-stage.pluralsight.com/cloud-guru/courses/how-to-source-a-container-image-and-start-a-container-in-the-cloud","https://www-stage.pluralsight.com/courses/how-to-source-a-container-image-and-start-a-container-in-the-cloud"
"https://www-stage.pluralsight.com/cloud-guru/courses/aws-certification-preparation-guide","https://www-stage.pluralsight.com/courses/aws-certification-preparation-guide"
"https://www-stage.pluralsight.com/cloud-guru/courses/introduction-to-hybrid-environments-on-azure","https://www-stage.pluralsight.com/courses/introduction-to-hybrid-environments-on-azure"
"https://www-stage.pluralsight.com/cloud-guru/courses/kubernetes-security","https://www-stage.pluralsight.com/courses/kubernetes-security"
"https://www-stage.pluralsight.com/cloud-guru/courses/securing-applications-with-aws","https://www-stage.pluralsight.com/courses/securing-applications-with-aws"
"https://www-stage.pluralsight.com/cloud-guru/courses/build-your-own-linux-kernel-from-scratch","https://www-stage.pluralsight.com/courses/build-your-own-linux-kernel-from-scratch"
"https://www-stage.pluralsight.com/cloud-guru/courses/introduction-to-amazon-codeguru","https://www-stage.pluralsight.com/courses/introduction-to-amazon-codeguru"
"https://www-stage.pluralsight.com/cloud-guru/courses/microsoft-sql-server-on-linux-in-azure","https://www-stage.pluralsight.com/courses/microsoft-sql-server-on-linux-in-azure"
"https://www-stage.pluralsight.com/cloud-guru/courses/implementing-a-full-cicd-pipeline","https://www-stage.pluralsight.com/courses/implementing-a-full-cicd-pipeline"
"https://www-stage.pluralsight.com/cloud-guru/courses/managing-azure-resources-with-ansible","https://www-stage.pluralsight.com/courses/managing-azure-resources-with-ansible"
"https://www-stage.pluralsight.com/cloud-guru/courses/red-hat-certified-specialist-in-advanced-automation-ansible-best-practices-ex447","https://www-stage.pluralsight.com/courses/red-hat-certified-specialist-in-advanced-automation-ansible-best-practices-ex447"
"https://www-stage.pluralsight.com/cloud-guru/courses/kubernetes-and-cloud-native-associate-kcna","https://www-stage.pluralsight.com/courses/kubernetes-and-cloud-native-associate-kcna"
"https://www-stage.pluralsight.com/cloud-guru/courses/networking-foundations","https://www-stage.pluralsight.com/courses/networking-foundations"
"https://www-stage.pluralsight.com/cloud-guru/courses/wardley-mapping","https://www-stage.pluralsight.com/courses/wardley-mapping"
"https://www-stage.pluralsight.com/cloud-guru/courses/jboss-eap-administration","https://www-stage.pluralsight.com/courses/jboss-eap-administration"
"https://www-stage.pluralsight.com/cloud-guru/courses/introduction-to-salt-project","https://www-stage.pluralsight.com/courses/introduction-to-salt-project"
"https://www-stage.pluralsight.com/cloud-guru/courses/running-linux-servers-on-azure","https://www-stage.pluralsight.com/courses/running-linux-servers-on-azure"
"https://www-stage.pluralsight.com/cloud-guru/courses/nagios-certified-professional-prep-course","https://www-stage.pluralsight.com/courses/nagios-certified-professional-prep-course"
"https://www-stage.pluralsight.com/cloud-guru/courses/hands-on-with-podman-containers-on-linux","https://www-stage.pluralsight.com/courses/hands-on-with-podman-containers-on-linux"
"https://www-stage.pluralsight.com/cloud-guru/courses/deploying-resources-to-gcp-with-terraform","https://www-stage.pluralsight.com/courses/getting-started-terraform-google-cloud"
"https://www-stage.pluralsight.com/cloud-guru/courses/deploying-and-managing-a-web-application-in-kubernetes-with-terraform","https://www-stage.pluralsight.com/courses/deploying-and-managing-a-web-application-in-kubernetes-with-terraform"
"https://www-stage.pluralsight.com/cloud-guru/courses/kubernetes-deep-dive","https://www-stage.pluralsight.com/courses/kubernetes-deep-dive"
"https://www-stage.pluralsight.com/cloud-guru/courses/configuring-load-balancers-in-microsoft-azure","https://www-stage.pluralsight.com/courses/configuring-load-balancers-in-microsoft-azure"
"https://www-stage.pluralsight.com/cloud-guru/courses/hands-on-with-aws-systems-manager","https://www-stage.pluralsight.com/courses/hands-on-with-aws-systems-manager"
"https://www-stage.pluralsight.com/cloud-guru/courses/migrating-servers-to-azure","https://www-stage.pluralsight.com/courses/migrating-servers-to-azure"
"https://www-stage.pluralsight.com/cloud-guru/courses/automating-lifecycle-management-of-azure-file-shares","https://www-stage.pluralsight.com/courses/automating-lifecycle-management-of-azure-file-shares"
"https://www-stage.pluralsight.com/cloud-guru/courses/learn-jenkins-by-doing","https://www-stage.pluralsight.com/courses/learn-jenkins-by-doing"
"https://www-stage.pluralsight.com/cloud-guru/courses/learning-hashicorp-nomad","https://www-stage.pluralsight.com/courses/learning-hashicorp-nomad"
"https://www-stage.pluralsight.com/cloud-guru/courses/secure-container-host-operating-system","https://www-stage.pluralsight.com/courses/secure-container-host-operating-system"
"https://www-stage.pluralsight.com/cloud-guru/courses/introduction-to-devsecops-on-azure","https://www-stage.pluralsight.com/courses/introduction-to-devsecops-on-azure"
"https://www-stage.pluralsight.com/cloud-guru/courses/lemp-stack-deep-dive","https://www-stage.pluralsight.com/courses/lemp-stack-deep-dive"
"https://www-stage.pluralsight.com/cloud-guru/courses/comptia-cysa-certification","https://www-stage.pluralsight.com/courses/comptia-cysa-certification"
"https://www-stage.pluralsight.com/cloud-guru/courses/introduction-to-azure","https://www-stage.pluralsight.com/courses/introduction-to-azure"
"https://www-stage.pluralsight.com/cloud-guru/courses/automating-aws-with-lambda-python-and-boto3","https://www-stage.pluralsight.com/courses/automating-aws-with-lambda-python-and-boto3"
"https://www-stage.pluralsight.com/cloud-guru/courses/cross-platform-powershell-in-azure","https://www-stage.pluralsight.com/courses/cross-platform-powershell-in-azure"
"https://www-stage.pluralsight.com/cloud-guru/courses/big-data-fundamentals","https://www-stage.pluralsight.com/courses/big-data-fundamentals"
"https://www-stage.pluralsight.com/cloud-guru/courses/introduction-to-containers-and-docker","https://www-stage.pluralsight.com/courses/introduction-to-containers-and-docker"
"https://www-stage.pluralsight.com/cloud-guru/courses/understanding-the-differences-between-aws-microsoft-azure-and-google-cloud","https://www-stage.pluralsight.com/courses/understanding-the-differences-between-aws-microsoft-azure-and-google-cloud"
"https://www-stage.pluralsight.com/cloud-guru/courses/linux-network-client-management","https://www-stage.pluralsight.com/courses/linux-network-client-management"
"https://www-stage.pluralsight.com/cloud-guru/courses/logging-and-security-for-associate-aws-solutions-architects","https://www-stage.pluralsight.com/courses/logging-and-security-for-associate-aws-solutions-architects"
"https://www-stage.pluralsight.com/cloud-guru/courses/hands-on-gitops","https://www-stage.pluralsight.com/courses/hands-on-gitops"
"https://www-stage.pluralsight.com/cloud-guru/courses/dns-and-bind-deep-dive","https://www-stage.pluralsight.com/courses/dns-and-bind-deep-dive"
"https://www-stage.pluralsight.com/cloud-guru/courses/introduction-to-jenkins","https://www-stage.pluralsight.com/courses/introduction-to-jenkins"
"https://www-stage.pluralsight.com/cloud-guru/courses/sql-deep-dive","https://www-stage.pluralsight.com/courses/sql-deep-dive"
"https://www-stage.pluralsight.com/cloud-guru/courses/introduction-to-amazon-athena","https://www-stage.pluralsight.com/courses/introduction-to-amazon-athena"
"https://www-stage.pluralsight.com/cloud-guru/courses/ansible-setup-configure-and-ad-hoc-commands-deep-dive","https://www-stage.pluralsight.com/courses/ansible-setup-configure-and-ad-hoc-commands-deep-dive"
"https://www-stage.pluralsight.com/cloud-guru/courses/understanding-the-differences-between-aws-ec2-and-gcp-gce","https://www-stage.pluralsight.com/courses/understanding-the-differences-between-aws-ec2-and-gcp-gce"
"https://www-stage.pluralsight.com/cloud-guru/courses/lpi-linux-essentials-certification","https://www-stage.pluralsight.com/courses/lpi-linux-essentials-certification"
"https://www-stage.pluralsight.com/cloud-guru/courses/github-actions-deep-dive","https://www-stage.pluralsight.com/courses/github-actions-deep-dive"
"https://www-stage.pluralsight.com/cloud-guru/courses/amazon-dynamodb-deep-dive","https://www-stage.pluralsight.com/courses/amazon-dynamodb-deep-dive"
"https://www-stage.pluralsight.com/cloud-guru/courses/compliance-in-the-cloud-fundamentals","https://www-stage.pluralsight.com/courses/compliance-in-the-cloud-fundamentals"
"https://www-stage.pluralsight.com/cloud-guru/courses/aws-well-architected-framework-deep-dive","https://www-stage.pluralsight.com/courses/aws-well-architected-framework-deep-dive"
"https://www-stage.pluralsight.com/cloud-guru/courses/hands-on-with-amazon-documentdb","https://www-stage.pluralsight.com/courses/hands-on-with-amazon-documentdb"
"https://www-stage.pluralsight.com/cloud-guru/courses/designing-resilient-architectures-for-associate-aws-solutions-architects","https://www-stage.pluralsight.com/courses/designing-resilient-architectures-for-associate-aws-solutions-architects"
"https://www-stage.pluralsight.com/cloud-guru/courses/scenario-based-lxdlxc-security","https://www-stage.pluralsight.com/courses/scenario-based-lxdlxc-security"
"https://www-stage.pluralsight.com/cloud-guru/courses/comparison-of-linux-distributions","https://www-stage.pluralsight.com/courses/comparison-of-linux-distributions"
"https://www-stage.pluralsight.com/cloud-guru/courses/creating-a-terraform-configuration-for-multi-cloud-use","https://www-stage.pluralsight.com/courses/creating-a-terraform-configuration-for-multi-cloud-use"
"https://www-stage.pluralsight.com/cloud-guru/courses/deploying-a-minetest-server-using-azure-container-instances","https://www-stage.pluralsight.com/courses/deploying-a-minetest-server-using-azure-container-instances"
"https://www-stage.pluralsight.com/cloud-guru/courses/learn-linux-by-doing","https://www-stage.pluralsight.com/courses/learn-linux-by-doing"
"https://www-stage.pluralsight.com/cloud-guru/courses/hashicorp-packer","https://www-stage.pluralsight.com/courses/hashicorp-packer"
"https://www-stage.pluralsight.com/cloud-guru/courses/deploying-applications-with-aws-cdk","https://www-stage.pluralsight.com/courses/deploying-applications-with-aws-cdk"
"https://www-stage.pluralsight.com/cloud-guru/courses/aws-identity-and-access-management-iam-concepts","https://www-stage.pluralsight.com/courses/aws-identity-and-access-management-iam-concepts"
"https://www-stage.pluralsight.com/cloud-guru/courses/introduction-to-governance-and-compliance-on-azure","https://www-stage.pluralsight.com/courses/introduction-to-governance-and-compliance-on-azure"
"https://www-stage.pluralsight.com/cloud-guru/courses/designing-dynamic-kubernetes-admission-controllers","https://www-stage.pluralsight.com/courses/designing-dynamic-kubernetes-admission-controllers"
"https://www-stage.pluralsight.com/cloud-guru/courses/learning-hashicorp-consul","https://www-stage.pluralsight.com/courses/learning-hashicorp-consul"
"https://www-stage.pluralsight.com/cloud-guru/courses/nginx-and-the-lemp-stack","https://www-stage.pluralsight.com/courses/nginx-and-the-lemp-stack"
"https://www-stage.pluralsight.com/cloud-guru/courses/linux-system-maintenance","https://www-stage.pluralsight.com/courses/linux-system-maintenance"
"https://www-stage.pluralsight.com/cloud-guru/courses/microsoft-azure-security-essentials","https://www-stage.pluralsight.com/courses/microsoft-azure-security-essentials"
"https://www-stage.pluralsight.com/cloud-guru/courses/powershell-core-for-linux-admins","https://www-stage.pluralsight.com/courses/powershell-core-for-linux-admins"
"https://www-stage.pluralsight.com/cloud-guru/courses/managing-linux-servers-with-cockpit","https://www-stage.pluralsight.com/courses/managing-linux-servers-with-cockpit"
"https://www-stage.pluralsight.com/cloud-guru/courses/amazon-s3-basics","https://www-stage.pluralsight.com/courses/amazon-s3-basics"
"https://www-stage.pluralsight.com/cloud-guru/courses/getting-started-with-powershell","https://www-stage.pluralsight.com/courses/getting-started-with-powershell"
"https://www-stage.pluralsight.com/cloud-guru/courses/introduction-to-azure-resource-manager","https://www-stage.pluralsight.com/courses/introduction-to-azure-resource-manager"
"https://www-stage.pluralsight.com/cloud-guru/courses/file-processing-and-environment-communication-with-python","https://www-stage.pluralsight.com/courses/file-processing-and-environment-communication-with-python"
"https://www-stage.pluralsight.com/cloud-guru/courses/hands-on-with-aws-database-migration-service-dms","https://www-stage.pluralsight.com/courses/hands-on-with-aws-database-migration-service-dms"
"https://www-stage.pluralsight.com/cloud-guru/courses/aks-basics","https://www-stage.pluralsight.com/courses/aks-basics"
"https://www-stage.pluralsight.com/cloud-guru/courses/package-management-on-red-hat-linux-with-dnf-and-rpm","https://www-stage.pluralsight.com/courses/package-management-on-red-hat-linux-with-dnf-and-rpm"
"https://www-stage.pluralsight.com/cloud-guru/courses/introduction-to-machine-learning","https://www-stage.pluralsight.com/courses/introduction-to-machine-learning"
"https://www-stage.pluralsight.com/cloud-guru/courses/introduction-to-mlops-on-azure","https://www-stage.pluralsight.com/courses/introduction-to-mlops-on-azure"
"https://www-stage.pluralsight.com/cloud-guru/courses/azure-cli-essentials","https://www-stage.pluralsight.com/courses/azure-cli-essentials"
"https://www-stage.pluralsight.com/cloud-guru/courses/move-an-application-to-the-cloud-with-azure","https://www-stage.pluralsight.com/courses/move-an-application-to-the-cloud-with-azure"
"https://www-stage.pluralsight.com/cloud-guru/courses/cloudformation-deep-dive","https://www-stage.pluralsight.com/courses/cloudformation-deep-dive"
"https://www-stage.pluralsight.com/cloud-guru/courses/how-to-properly-secure-an-s3-bucket","https://www-stage.pluralsight.com/courses/how-to-properly-secure-an-s3-bucket"
"https://www-stage.pluralsight.com/cloud-guru/courses/cloud-migration-fundamentals","https://www-stage.pluralsight.com/courses/cloud-migration-fundamentals"
"https://www-stage.pluralsight.com/cloud-guru/courses/introduction-to-linux-virtualization-from-the-command-line","https://www-stage.pluralsight.com/courses/introduction-to-linux-virtualization-from-the-command-line"
"https://www-stage.pluralsight.com/cloud-guru/courses/glusterfs-deep-dive","https://www-stage.pluralsight.com/courses/glusterfs-deep-dive"
"https://www-stage.pluralsight.com/cloud-guru/courses/hands-on-network-troubleshooting-with-azure-infrastructure-as-a-service-iaas-an-escape-room-adventure","https://www-stage.pluralsight.com/courses/hands-on-network-troubleshooting-with-azure-infrastructure-as-a-service-iaas-an-escape-room-adventure"
"https://www-stage.pluralsight.com/cloud-guru/courses/introduction-to-optimizing-data-storage-in-aws","https://www-stage.pluralsight.com/courses/introduction-to-optimizing-data-storage-in-aws"
"https://www-stage.pluralsight.com/cloud-guru/courses/horizontal-pod-autoscaling-in-kubernetes","https://www-stage.pluralsight.com/courses/horizontal-pod-autoscaling-in-kubernetes"
"https://www-stage.pluralsight.com/cloud-guru/courses/cost-control-on-azure","https://www-stage.pluralsight.com/courses/cost-control-on-azure"
"https://www-stage.pluralsight.com/cloud-guru/courses/a-cloud-gurus-elastic-certified-engineer-exam-preparation-course","https://www-stage.pluralsight.com/courses/a-cloud-gurus-elastic-certified-engineer-exam-preparation-course"
"https://www-stage.pluralsight.com/cloud-guru/courses/s3-masterclass","https://www-stage.pluralsight.com/courses/s3-masterclass"
"https://www-stage.pluralsight.com/cloud-guru/courses/splunk-deep-dive","https://www-stage.pluralsight.com/courses/splunk-deep-dive"
"https://www-stage.pluralsight.com/cloud-guru/courses/introduction-to-governance-and-compliance-on-aws","https://www-stage.pluralsight.com/courses/introduction-to-governance-and-compliance-on-aws"
"https://www-stage.pluralsight.com/cloud-guru/courses/expanding-your-js-skills-with-angular","https://www-stage.pluralsight.com/courses/expanding-your-js-skills-with-angular"
"https://www-stage.pluralsight.com/cloud-guru/courses/linux-system-startup","https://www-stage.pluralsight.com/courses/linux-system-startup"
"https://www-stage.pluralsight.com/cloud-guru/courses/deploying-and-managing-vms-in-microsoft-azure","https://www-stage.pluralsight.com/courses/deploying-and-managing-vms-in-microsoft-azure"
"https://www-stage.pluralsight.com/cloud-guru/courses/aws-essentials","https://www-stage.pluralsight.com/courses/aws-essentials"
"https://www-stage.pluralsight.com/cloud-guru/courses/server-hardening-fundamentals","https://www-stage.pluralsight.com/courses/server-hardening-fundamentals"
"https://www-stage.pluralsight.com/cloud-guru/courses/move-an-application-to-the-cloud-with-aws","https://www-stage.pluralsight.com/courses/move-an-application-to-the-cloud-with-aws"
"https://www-stage.pluralsight.com/cloud-guru/courses/introduction-to-terraform-cloud","https://www-stage.pluralsight.com/courses/introduction-to-terraform-cloud"
"https://www-stage.pluralsight.com/cloud-guru/courses/overview-of-aws","https://www-stage.pluralsight.com/courses/overview-of-aws"
"https://www-stage.pluralsight.com/cloud-guru/courses/jenkins-pipelines","https://www-stage.pluralsight.com/courses/jenkins-pipelines"
"https://www-stage.pluralsight.com/cloud-guru/courses/aws-security-essentials","https://www-stage.pluralsight.com/courses/aws-security-essentials"
"https://www-stage.pluralsight.com/cloud-guru/courses/amazon-quicksight-deep-dive","https://www-stage.pluralsight.com/courses/amazon-quicksight-deep-dive"
"https://www-stage.pluralsight.com/cloud-guru/courses/managing-azure-sql-database-for-the-sql-server-dba","https://www-stage.pluralsight.com/courses/managing-azure-sql-database-for-the-sql-server-dba"
"https://www-stage.pluralsight.com/cloud-guru/courses/machine-learning-for-absolute-beginners","https://www-stage.pluralsight.com/courses/machine-learning-for-absolute-beginners"
"https://www-stage.pluralsight.com/cloud-guru/courses/text-editing-with-vim","https://www-stage.pluralsight.com/courses/text-editing-with-vim"
"https://www-stage.pluralsight.com/cloud-guru/courses/linux-foundation-certified-engineer","https://www-stage.pluralsight.com/courses/linux-foundation-certified-engineer"
"https://www-stage.pluralsight.com/cloud-guru/courses/how-to-secure-azure-ai-services","https://www-stage.pluralsight.com/courses/how-to-secure-azure-ai-services"
"https://www-stage.pluralsight.com/cloud-guru/courses/minikube-in-the-cloud-on-ubuntu","https://www-stage.pluralsight.com/courses/minikube-in-the-cloud-on-ubuntu"
"https://www-stage.pluralsight.com/cloud-guru/courses/introduction-to-vmware-cloudhealth","https://www-stage.pluralsight.com/courses/introduction-to-vmware-cloudhealth"
"https://www-stage.pluralsight.com/cloud-guru/courses/introduction-to-amazon-eventbridge","https://www-stage.pluralsight.com/courses/introduction-to-amazon-eventbridge"
"https://www-stage.pluralsight.com/cloud-guru/courses/introduction-to-azure-devops","https://www-stage.pluralsight.com/courses/introduction-to-azure-devops"
"https://www-stage.pluralsight.com/cloud-guru/courses/automating-threat-response-with-microsoft-sentinel","https://www-stage.pluralsight.com/courses/automating-threat-response-with-microsoft-sentinel"
"https://www-stage.pluralsight.com/cloud-guru/courses/using-terraform-to-manage-applications-and-infrastructure","https://www-stage.pluralsight.com/courses/using-terraform-to-manage-applications-and-infrastructure"
"https://www-stage.pluralsight.com/cloud-guru/courses/introduction-to-azure-virtual-desktop","https://www-stage.pluralsight.com/courses/introduction-to-azure-virtual-desktop"
"https://www-stage.pluralsight.com/cloud-guru/courses/database-administration-and-sql-language-basics","https://www-stage.pluralsight.com/courses/database-administration-and-sql-language-basics"
"https://www-stage.pluralsight.com/cloud-guru/courses/managing-microsoft-azure-applications-and-infrastructure-with-terraform","https://www-stage.pluralsight.com/courses/managing-microsoft-azure-applications-and-infrastructure-with-terraform"
"https://www-stage.pluralsight.com/cloud-guru/courses/introduction-to-puppet","https://www-stage.pluralsight.com/courses/introduction-to-puppet"
"https://www-stage.pluralsight.com/cloud-guru/courses/introduction-to-k3s","https://www-stage.pluralsight.com/courses/introduction-to-k3s"
"https://www-stage.pluralsight.com/cloud-guru/courses/introduction-to-python-development","https://www-stage.pluralsight.com/courses/introduction-to-python-development"
"https://www-stage.pluralsight.com/cloud-guru/courses/introduction-to-amazon-polly","https://www-stage.pluralsight.com/courses/introduction-to-amazon-polly"
"https://www-stage.pluralsight.com/cloud-guru/courses/linux-foundation-certified-system-administrator-lfcs","https://www-stage.pluralsight.com/courses/linux-foundation-certified-system-administrator-lfcs"
"https://www-stage.pluralsight.com/cloud-guru/courses/linux-filesystems-and-devices","https://www-stage.pluralsight.com/courses/linux-filesystems-and-devices"
"https://www-stage.pluralsight.com/cloud-guru/courses/introduction-to-javascript","https://www-stage.pluralsight.com/courses/introduction-to-javascript"
"https://www-stage.pluralsight.com/cloud-guru/courses/advanced-terraform-with-azure","https://www-stage.pluralsight.com/courses/advanced-terraform-with-azure"
"https://www-stage.pluralsight.com/cloud-guru/courses/introduction-to-azure-data-studio-ads-an-explorers-guide","https://www-stage.pluralsight.com/courses/introduction-to-azure-data-studio-ads-an-explorers-guide"
"https://www-stage.pluralsight.com/cloud-guru/courses/advanced-vim-customization","https://www-stage.pluralsight.com/courses/advanced-vim-customization"
"https://www-stage.pluralsight.com/cloud-guru/courses/azure-architecture-design-concepts","https://www-stage.pluralsight.com/courses/azure-architecture-design-concepts"
"https://www-stage.pluralsight.com/cloud-guru/courses/aws-developer-tools-deep-dive","https://www-stage.pluralsight.com/courses/aws-developer-tools-deep-dive"
"https://www-stage.pluralsight.com/cloud-guru/courses/linux-email-services","https://www-stage.pluralsight.com/courses/linux-email-services"
"https://www-stage.pluralsight.com/cloud-guru/courses/learn-kubernetes-by-doing","https://www-stage.pluralsight.com/courses/learn-kubernetes-by-doing"
"https://www-stage.pluralsight.com/cloud-guru/courses/configuring-azure-vm-clusters-using-terraform","https://www-stage.pluralsight.com/courses/configuring-azure-vm-clusters-using-terraform"
"https://www-stage.pluralsight.com/cloud-guru/courses/applying-devsecops-to-aws-web-apps","https://www-stage.pluralsight.com/courses/applying-devsecops-to-aws-web-apps"
"https://www-stage.pluralsight.com/cloud-guru/courses/managing-and-troubleshooting-encrypted-volumes-in-linux","https://www-stage.pluralsight.com/courses/managing-and-troubleshooting-encrypted-volumes-in-linux"
"https://www-stage.pluralsight.com/cloud-guru/courses/aws-cost-optimization-deep-dive","https://www-stage.pluralsight.com/courses/aws-cost-optimization-deep-dive"
"https://www-stage.pluralsight.com/cloud-guru/courses/hands-on-kubernetes-troubleshooting","https://www-stage.pluralsight.com/courses/hands-on-kubernetes-troubleshooting"
"https://www-stage.pluralsight.com/cloud-guru/courses/setting-up-software-defined-storage-sds-on-a-budget","https://www-stage.pluralsight.com/courses/setting-up-software-defined-storage-sds-on-a-budget"
"https://www-stage.pluralsight.com/cloud-guru/courses/kali-linux-deep-dive","https://www-stage.pluralsight.com/courses/kali-linux-deep-dive"
"https://www-stage.pluralsight.com/cloud-guru/courses/identity-and-access-management-for-azure","https://www-stage.pluralsight.com/courses/identity-and-access-management-for-azure"
"https://www-stage.pluralsight.com/cloud-guru/courses/introduction-to-jupyter-notebooks","https://www-stage.pluralsight.com/courses/introduction-to-jupyter-notebooks"
"https://www-stage.pluralsight.com/cloud-guru/courses/introduction-to-the-aws-marketplace","https://www-stage.pluralsight.com/courses/introduction-to-the-aws-marketplace"
"https://www-stage.pluralsight.com/cloud-guru/courses/learn-ansible-by-doing","https://www-stage.pluralsight.com/courses/learn-ansible-by-doing"
"https://www-stage.pluralsight.com/cloud-guru/courses/amazon-dynamodb-data-modeling","https://www-stage.pluralsight.com/courses/amazon-dynamodb-data-modeling"
"https://www-stage.pluralsight.com/cloud-guru/courses/hands-on-aws-troubleshooting","https://www-stage.pluralsight.com/courses/hands-on-aws-troubleshooting"
"https://www-stage.pluralsight.com/cloud-guru/courses/red-hat-certified-specialist-in-security-exam-ex415-prep-course","https://www-stage.pluralsight.com/courses/red-hat-certified-specialist-in-security-exam-ex415-prep-course"
"https://www-stage.pluralsight.com/cloud-guru/courses/azure-powershell-essentials","https://www-stage.pluralsight.com/courses/azure-powershell-essentials"
"https://www-stage.pluralsight.com/cloud-guru/courses/introduction-to-cloud-migration-using-amazon-web-services","https://www-stage.pluralsight.com/courses/introduction-to-cloud-migration-using-amazon-web-services"
"https://www-stage.pluralsight.com/cloud-guru/courses/chef-principles-certification","https://www-stage.pluralsight.com/courses/chef-principles-certification"
"https://www-stage.pluralsight.com/cloud-guru/courses/building-microsoft-azure-logic-apps","https://www-stage.pluralsight.com/courses/building-microsoft-azure-logic-apps"
"https://www-stage.pluralsight.com/cloud-guru/courses/hands-on-with-terraform-on-azure","https://www-stage.pluralsight.com/courses/hands-on-with-terraform-on-azure"
"https://www-stage.pluralsight.com/cloud-guru/courses/storage-databases-and-migration-for-associate-aws-solutions-architects","https://www-stage.pluralsight.com/courses/storage-databases-and-migration-for-associate-aws-solutions-architects"
"https://www-stage.pluralsight.com/cloud-guru/courses/aws-business-essentials","https://www-stage.pluralsight.com/courses/aws-business-essentials"
"https://www-stage.pluralsight.com/cloud-guru/courses/mastering-aws-cloudformation","https://www-stage.pluralsight.com/courses/mastering-aws-cloudformation"
"https://www-stage.pluralsight.com/cloud-guru/courses/microsoft-sql-server-on-linux-quick-start","https://www-stage.pluralsight.com/courses/microsoft-sql-server-on-linux-quick-start"
"https://www-stage.pluralsight.com/cloud-guru/courses/aiops-essentials-autoscaling-kubernetes-with-prometheus-metrics","https://www-stage.pluralsight.com/courses/aiops-essentials-autoscaling-kubernetes-with-prometheus-metrics"
"https://www-stage.pluralsight.com/cloud-guru/courses/monitoring-kubernetes-with-prometheus","https://www-stage.pluralsight.com/courses/monitoring-kubernetes-with-prometheus"
"https://www-stage.pluralsight.com/cloud-guru/courses/deploying-custom-admission-controllers-with-terraform","https://www-stage.pluralsight.com/courses/deploying-custom-admission-controllers-with-terraform"
"https://www-stage.pluralsight.com/cloud-guru/courses/postgresql-administration-deep-dive","https://www-stage.pluralsight.com/courses/postgresql-administration-deep-dive"
"https://www-stage.pluralsight.com/cloud-guru/courses/git-quick-start","https://www-stage.pluralsight.com/courses/git-quick-start"
"https://www-stage.pluralsight.com/cloud-guru/courses/data-preparation-import-and-cleaning-for-python","https://www-stage.pluralsight.com/courses/data-preparation-import-and-cleaning-for-python"
"https://www-stage.pluralsight.com/cloud-guru/courses/azure-concepts","https://www-stage.pluralsight.com/courses/azure-concepts"
"https://www-stage.pluralsight.com/cloud-guru/courses/introduction-to-microsoft-defender-for-cloud","https://www-stage.pluralsight.com/courses/introduction-to-microsoft-defender-for-cloud"
"https://www-stage.pluralsight.com/cloud-guru/courses/elastic-stack-essentials","https://www-stage.pluralsight.com/courses/elastic-stack-essentials"
"https://www-stage.pluralsight.com/cloud-guru/courses/changing-architectures-from-containers-to-serverless","https://www-stage.pluralsight.com/courses/changing-architectures-from-containers-to-serverless"
"https://www-stage.pluralsight.com/cloud-guru/courses/intro-to-azure-for-aws-admins","https://www-stage.pluralsight.com/courses/intro-to-azure-for-aws-admins"
"https://www-stage.pluralsight.com/cloud-guru/courses/secure-your-app-with-azure-app-service-environment","https://www-stage.pluralsight.com/courses/secure-your-app-with-azure-app-service-environment"
"https://www-stage.pluralsight.com/cloud-guru/courses/cloud-transformation-the-big-picture","https://www-stage.pluralsight.com/courses/cloud-transformation-the-big-picture"
"https://www-stage.pluralsight.com/cloud-guru/courses/controlling-spam-with-linux-and-greylisting","https://www-stage.pluralsight.com/courses/controlling-spam-with-linux-and-greylisting"
"https://www-stage.pluralsight.com/cloud-guru/courses/kvm-virtualization-on-linux","https://www-stage.pluralsight.com/courses/kvm-virtualization-on-linux"
"https://www-stage.pluralsight.com/cloud-guru/courses/deploying-azure-landing-zones","https://www-stage.pluralsight.com/courses/deploying-azure-landing-zones"
"https://www-stage.pluralsight.com/cloud-guru/courses/tomcat-administration-deep-dive","https://www-stage.pluralsight.com/courses/tomcat-administration-deep-dive"
"https://www-stage.pluralsight.com/cloud-guru/courses/using-python-for-data-management-and-reporting","https://www-stage.pluralsight.com/courses/using-python-for-data-management-and-reporting"
"https://www-stage.pluralsight.com/cloud-guru/courses/windows-subsystem-for-linux-deep-dive","https://www-stage.pluralsight.com/courses/windows-subsystem-for-linux-deep-dive"
"https://www-stage.pluralsight.com/cloud-guru/courses/comptia-pentest-certification","https://www-stage.pluralsight.com/courses/comptia-pentest-certification"
"https://www-stage.pluralsight.com/cloud-guru/courses/linux-networking-and-troubleshooting","https://www-stage.pluralsight.com/courses/linux-networking-and-troubleshooting"
"https://www-stage.pluralsight.com/cloud-guru/courses/cloud-security-fundamentals","https://www-stage.pluralsight.com/courses/cloud-security-fundamentals"
"https://www-stage.pluralsight.com/cloud-guru/courses/beginners-guide-to-containers-and-orchestration","https://www-stage.pluralsight.com/courses/beginners-guide-to-containers-and-orchestration"
"https://www-stage.pluralsight.com/cloud-guru/courses/introduction-to-lvm","https://www-stage.pluralsight.com/courses/introduction-to-lvm"
"https://www-stage.pluralsight.com/cloud-guru/courses/creating-startup-scripts-for-vms-with-cloud-init","https://www-stage.pluralsight.com/courses/creating-startup-scripts-for-vms-with-cloud-init"
"https://www-stage.pluralsight.com/cloud-guru/courses/source-control-with-git","https://www-stage.pluralsight.com/courses/source-control-with-git"
"https://www-stage.pluralsight.com/cloud-guru/courses/linux-user-management-deep-dive","https://www-stage.pluralsight.com/courses/linux-user-management-deep-dive"
"https://www-stage.pluralsight.com/cloud-guru/courses/running-linux-servers-on-aws","https://www-stage.pluralsight.com/courses/running-linux-servers-on-aws"
"https://www-stage.pluralsight.com/cloud-guru/courses/expanding-your-js-skills-with-react","https://www-stage.pluralsight.com/courses/expanding-your-js-skills-with-react"
"https://www-stage.pluralsight.com/cloud-guru/courses/hands-on-introduction-to-azure-files","https://www-stage.pluralsight.com/courses/hands-on-introduction-to-azure-files"
"https://www-stage.pluralsight.com/cloud-guru/courses/hands-on-security-with-aws-security-hub","https://www-stage.pluralsight.com/courses/hands-on-security-with-aws-security-hub"
"https://www-stage.pluralsight.com/cloud-guru/courses/scenario-based-docker-security","https://www-stage.pluralsight.com/courses/scenario-based-docker-security"
"https://www-stage.pluralsight.com/cloud-guru/courses/kubernetes-essentials","https://www-stage.pluralsight.com/courses/kubernetes-essentials"
"https://www-stage.pluralsight.com/cloud-guru/courses/managing-and-troubleshooting-file-and-directory-permissions-in-linux","https://www-stage.pluralsight.com/courses/managing-and-troubleshooting-file-and-directory-permissions-in-linux"
"https://www-stage.pluralsight.com/cloud-guru/courses/confluent-certified-developer-for-apache-kafka-ccdak","https://www-stage.pluralsight.com/courses/confluent-certified-developer-for-apache-kafka-ccdak"
"https://www-stage.pluralsight.com/cloud-guru/courses/using-microsoft-azure-database-services","https://www-stage.pluralsight.com/courses/using-microsoft-azure-database-services"
"https://www-stage.pluralsight.com/cloud-guru/courses/systemd-management-for-linux","https://www-stage.pluralsight.com/courses/systemd-management-for-linux"
"https://www-stage.pluralsight.com/cloud-guru/courses/linux-web-services","https://www-stage.pluralsight.com/courses/linux-web-services"
"https://www-stage.pluralsight.com/cloud-guru/courses/kubernetes-security-advanced-concepts","https://www-stage.pluralsight.com/courses/kubernetes-security-advanced-concepts"
"https://www-stage.pluralsight.com/cloud-guru/courses/how-to-get-started-with-amazon-rds","https://www-stage.pluralsight.com/courses/how-to-get-started-with-amazon-rds"
"https://www-stage.pluralsight.com/cloud-guru/courses/programming-use-cases-with-python","https://www-stage.pluralsight.com/courses/programming-use-cases-with-python"
"https://www-stage.pluralsight.com/cloud-guru/courses/aws-operating-optimal-hybrid-environments","https://www-stage.pluralsight.com/courses/aws-operating-optimal-hybrid-environments"
"https://www-stage.pluralsight.com/cloud-guru/courses/deploying-a-basic-kubernetes-cluster","https://www-stage.pluralsight.com/courses/deploying-a-basic-kubernetes-cluster"
"https://www-stage.pluralsight.com/cloud-guru/courses/lpi-devops-tools-engineer-certification","https://www-stage.pluralsight.com/courses/lpi-devops-tools-engineer-certification"
"https://www-stage.pluralsight.com/cloud-guru/courses/blockchain-essentials","https://www-stage.pluralsight.com/courses/blockchain-essentials"
"https://www-stage.pluralsight.com/cloud-guru/courses/configuring-suse-linux-enterprise","https://www-stage.pluralsight.com/courses/configuring-suse-linux-enterprise"
"https://www-stage.pluralsight.com/cloud-guru/courses/certified-cloud-security-professional-ccsp","https://www-stage.pluralsight.com/courses/certified-cloud-security-professional-ccsp"
"https://www-stage.pluralsight.com/cloud-guru/courses/migrating-from-on-site-postgresql-to-amazon-aurora","https://www-stage.pluralsight.com/courses/migrating-from-on-site-postgresql-to-amazon-aurora"
"https://www-stage.pluralsight.com/cloud-guru/courses/the-linux-kernel","https://www-stage.pluralsight.com/courses/the-linux-kernel"
"https://www-stage.pluralsight.com/cloud-guru/courses/aws-codestar-deep-dive","https://www-stage.pluralsight.com/courses/aws-codestar-deep-dive"
"https://www-stage.pluralsight.com/cloud-guru/courses/hands-on-with-kubernetes-admission-controllers","https://www-stage.pluralsight.com/courses/hands-on-with-kubernetes-admission-controllers"
"https://www-stage.pluralsight.com/cloud-guru/courses/using-azure-for-disaster-recovery-quick-start","https://www-stage.pluralsight.com/courses/using-azure-for-disaster-recovery-quick-start"
"https://www-stage.pluralsight.com/cloud-guru/courses/introduction-to-ansible-v27","https://www-stage.pluralsight.com/courses/introduction-to-ansible-v27"
"https://www-stage.pluralsight.com/cloud-guru/courses/lxclxd-deep-dive","https://www-stage.pluralsight.com/courses/lxclxd-deep-dive"
"https://www-stage.pluralsight.com/cloud-guru/courses/aws-alexa-skill-builder-essentials","https://www-stage.pluralsight.com/courses/aws-alexa-skill-builder-essentials"
"https://www-stage.pluralsight.com/cloud-guru/courses/deployment-pipelines-in-aws","https://www-stage.pluralsight.com/courses/deployment-pipelines-in-aws"
"https://www-stage.pluralsight.com/cloud-guru/courses/linux-file-sharing","https://www-stage.pluralsight.com/courses/linux-file-sharing"
"https://www-stage.pluralsight.com/cloud-guru/courses/red-hat-certified-specialist-in-virtualization-preparation-course","https://www-stage.pluralsight.com/courses/red-hat-certified-specialist-in-virtualization-preparation-course"
"https://www-stage.pluralsight.com/cloud-guru/courses/creating-your-own-minecraft-server","https://www-stage.pluralsight.com/courses/creating-your-own-minecraft-server"
"https://www-stage.pluralsight.com/cloud-guru/courses/found-in-translation-introduction-to-amazon-translate","https://www-stage.pluralsight.com/courses/found-in-translation-introduction-to-amazon-translate"
"https://www-stage.pluralsight.com/cloud-guru/courses/docker-certified-associate-dca","https://www-stage.pluralsight.com/courses/docker-certified-associate-dca"
"https://www-stage.pluralsight.com/cloud-guru/courses/red-hat-certified-specialist-in-server-hardening-prep-course","https://www-stage.pluralsight.com/courses/red-hat-certified-specialist-in-server-hardening-prep-course"
"https://www-stage.pluralsight.com/cloud-guru/courses/apache-web-server-hardening","https://www-stage.pluralsight.com/courses/apache-web-server-hardening"
"https://www-stage.pluralsight.com/cloud-guru/courses/build-and-deploy-azure-templates","https://www-stage.pluralsight.com/courses/build-and-deploy-azure-templates"
"https://www-stage.pluralsight.com/cloud-guru/courses/introduction-to-openshift","https://www-stage.pluralsight.com/courses/introduction-to-openshift"
"https://www-stage.pluralsight.com/cloud-guru/courses/ansible-quick-start","https://www-stage.pluralsight.com/courses/ansible-quick-start"
"https://www-stage.pluralsight.com/cloud-guru/courses/subnetting-fundamentals","https://www-stage.pluralsight.com/courses/subnetting-fundamentals"
"https://www-stage.pluralsight.com/cloud-guru/courses/red-hat-certified-system-administrator-ex200-exam-prep","https://www-stage.pluralsight.com/courses/red-hat-certified-system-administrator-ex200-exam-prep"
"https://www-stage.pluralsight.com/cloud-guru/courses/kubernetes-the-hard-way","https://www-stage.pluralsight.com/courses/kubernetes-the-hard-way"
"https://www-stage.pluralsight.com/cloud-guru/courses/introduction-to-linux-management-tools","https://www-stage.pluralsight.com/courses/introduction-to-linux-management-tools"
"https://www-stage.pluralsight.com/cloud-guru/courses/building-a-continuous-integration-pipeline-with-travis-ci","https://www-stage.pluralsight.com/courses/building-a-continuous-integration-pipeline-with-travis-ci"
"https://www-stage.pluralsight.com/cloud-guru/courses/system-tooling-with-go","https://www-stage.pluralsight.com/courses/system-tooling-with-go"
"https://www-stage.pluralsight.com/cloud-guru/courses/amazon-connect-essentials","https://www-stage.pluralsight.com/courses/amazon-connect-essentials"
"https://www-stage.pluralsight.com/cloud-guru/courses/introduction-to-azure-government","https://www-stage.pluralsight.com/courses/introduction-to-azure-government"
"https://www-stage.pluralsight.com/cloud-guru/courses/configuring-openvpn-on-amazon-ec2","https://www-stage.pluralsight.com/courses/configuring-openvpn-on-amazon-ec2"
"https://www-stage.pluralsight.com/cloud-guru/courses/deploying-basic-infrastructure-with-cli-in-microsoft-azure","https://www-stage.pluralsight.com/courses/deploying-basic-infrastructure-with-cli-in-microsoft-azure"
"https://www-stage.pluralsight.com/cloud-guru/courses/deployment-pipelines-using-github-actions","https://www-stage.pluralsight.com/courses/deployment-pipelines-using-github-actions"
"https://www-stage.pluralsight.com/cloud-guru/courses/fluentd-deep-dive","https://www-stage.pluralsight.com/courses/fluentd-deep-dive"
"https://www-stage.pluralsight.com/cloud-guru/courses/hands-on-chaos-engineering-with-aws-fault-injection-simulator","https://www-stage.pluralsight.com/courses/hands-on-chaos-engineering-with-aws-fault-injection-simulator"
"https://www-stage.pluralsight.com/cloud-guru/courses/suse-certified-engineer-exam-prep","https://www-stage.pluralsight.com/courses/suse-certified-engineer-exam-prep"
"https://www-stage.pluralsight.com/cloud-guru/courses/machine-learning-on-aws-deep-dive","https://www-stage.pluralsight.com/courses/machine-learning-on-aws-deep-dive"
"https://www-stage.pluralsight.com/cloud-guru/courses/network-routing-fundamentals","https://www-stage.pluralsight.com/courses/network-routing-fundamentals"
"https://www-stage.pluralsight.com/cloud-guru/courses/processing-serverless-data-using-aws-lambda","https://www-stage.pluralsight.com/courses/processing-serverless-data-using-aws-lambda"
"https://www-stage.pluralsight.com/cloud-guru/courses/mastering-systemd","https://www-stage.pluralsight.com/courses/mastering-systemd"
"https://www-stage.pluralsight.com/cloud-guru/courses/tensorflow-developer-certificate-exam-prep","https://www-stage.pluralsight.com/courses/tensorflow-developer-certificate-exam-prep"
"https://www-stage.pluralsight.com/cloud-guru/courses/azure-active-directory-deep-dive","https://www-stage.pluralsight.com/courses/azure-active-directory-deep-dive"
"https://www-stage.pluralsight.com/cloud-guru/courses/how-to-organize-your-accounts-in-aws","https://www-stage.pluralsight.com/courses/how-to-organize-your-accounts-in-aws"
"https://www-stage.pluralsight.com/cloud-guru/courses/secure-sockets-layer-ssl-fundamentals","https://www-stage.pluralsight.com/courses/secure-sockets-layer-ssl-fundamentals"
"https://www-stage.pluralsight.com/cloud-guru/courses/introduction-to-python-scripting","https://www-stage.pluralsight.com/courses/introduction-to-python-scripting"
"https://www-stage.pluralsight.com/cloud-guru/courses/using-pythons-math-science-and-engineering-libraries","https://www-stage.pluralsight.com/courses/using-pythons-math-science-and-engineering-libraries"
"https://www-stage.pluralsight.com/cloud-guru/courses/helm-deep-dive-v3","https://www-stage.pluralsight.com/courses/helm-deep-dive-v3"
"https://www-stage.pluralsight.com/cloud-guru/courses/yaml-essentials","https://www-stage.pluralsight.com/courses/yaml-essentials"
"https://www-stage.pluralsight.com/cloud-guru/courses/jenkins-administration","https://www-stage.pluralsight.com/courses/jenkins-administration"
"https://www-stage.pluralsight.com/cloud-guru/courses/how-to-get-a-linux-job","https://www-stage.pluralsight.com/courses/how-to-get-a-linux-job"
"https://www-stage.pluralsight.com/cloud-guru/courses/multi-session-with-screen","https://www-stage.pluralsight.com/courses/multi-session-with-screen"
"https://www-stage.pluralsight.com/cloud-guru/courses/choosing-the-right-database-service-on-aws","https://www-stage.pluralsight.com/courses/choosing-the-right-database-service-on-aws"
"https://www-stage.pluralsight.com/cloud-guru/courses/deploying-to-aws-with-terraform-and-ansible","https://www-stage.pluralsight.com/courses/deploying-to-aws-with-terraform-and-ansible"
"https://www-stage.pluralsight.com/cloud-guru/courses/mongodb-deep-dive","https://www-stage.pluralsight.com/courses/mongodb-deep-dive"
"https://www-stage.pluralsight.com/cloud-guru/courses/linux-system-security","https://www-stage.pluralsight.com/courses/linux-system-security"
"https://www-stage.pluralsight.com/cloud-guru/courses/azure-storage-deep-dive","https://www-stage.pluralsight.com/courses/azure-storage-deep-dive"
"https://www-stage.pluralsight.com/cloud-guru/courses/devops-essentials","https://www-stage.pluralsight.com/courses/devops-essentials"
"https://www-stage.pluralsight.com/cloud-guru/courses/introduction-to-microsoft-azure-compute","https://www-stage.pluralsight.com/courses/introduction-to-microsoft-azure-compute"
"https://www-stage.pluralsight.com/cloud-guru/courses/introduction-to-databases-on-linux","https://www-stage.pluralsight.com/courses/introduction-to-databases-on-linux"
"https://www-stage.pluralsight.com/cloud-guru/courses/learn-microsoft-azure-by-doing","https://www-stage.pluralsight.com/courses/learn-microsoft-azure-by-doing"
"https://www-stage.pluralsight.com/cloud-guru/courses/introduction-to-aws-appsync","https://www-stage.pluralsight.com/courses/introduction-to-aws-appsync"
"https://www-stage.pluralsight.com/cloud-guru/courses/high-availability-and-scalability-for-associate-aws-solutions-architects","https://www-stage.pluralsight.com/courses/high-availability-and-scalability-for-associate-aws-solutions-architects"
"https://www-stage.pluralsight.com/cloud-guru/courses/serverless-concepts","https://www-stage.pluralsight.com/courses/serverless-concepts"
"https://www-stage.pluralsight.com/cloud-guru/courses/hadoop-quick-start","https://www-stage.pluralsight.com/courses/hadoop-quick-start"
"https://www-stage.pluralsight.com/cloud-guru/courses/red-hat-certified-specialist-in-linux-diagnostics-and-troubleshooting-ex342","https://www-stage.pluralsight.com/courses/red-hat-certified-specialist-in-linux-diagnostics-and-troubleshooting-ex342"
"https://www-stage.pluralsight.com/cloud-guru/courses/prometheus-deep-dive","https://www-stage.pluralsight.com/courses/prometheus-deep-dive"
"https://www-stage.pluralsight.com/cloud-guru/courses/designing-applications-for-kubernetes","https://www-stage.pluralsight.com/courses/designing-applications-for-kubernetes"
"https://www-stage.pluralsight.com/cloud-guru/courses/learn-aws-by-doing","https://www-stage.pluralsight.com/courses/learn-aws-by-doing"
"https://www-stage.pluralsight.com/cloud-guru/courses/kubernetes-quick-start","https://www-stage.pluralsight.com/courses/kubernetes-quick-start"
"https://www-stage.pluralsight.com/cloud-guru/courses/a-cloud-gurus-elastic-certified-analyst-exam-preparation-course","https://www-stage.pluralsight.com/courses/a-cloud-gurus-elastic-certified-analyst-exam-preparation-course"
"https://www-stage.pluralsight.com/cloud-guru/courses/introduction-to-the-microsoft-cloud-adoption-framework-for-azure","https://www-stage.pluralsight.com/courses/introduction-to-the-microsoft-cloud-adoption-framework-for-azure"
"https://www-stage.pluralsight.com/cloud-guru/courses/linux-network-configuration","https://www-stage.pluralsight.com/courses/linux-network-configuration"
"https://www-stage.pluralsight.com/cloud-guru/courses/develop-python-comprehensions","https://www-stage.pluralsight.com/courses/develop-python-comprehensions"
"https://www-stage.pluralsight.com/cloud-guru/courses/python-enhancement-proposals","https://www-stage.pluralsight.com/courses/python-enhancement-proposals"
"https://www-stage.pluralsight.com/cloud-guru/courses/learn-docker-by-doing","https://www-stage.pluralsight.com/courses/learn-docker-by-doing"
"https://www-stage.pluralsight.com/cloud-guru/courses/elasticsearch-deep-dive","https://www-stage.pluralsight.com/courses/elasticsearch-deep-dive"
"https://www-stage.pluralsight.com/cloud-guru/courses/linux-foundation-certified-it-associate-lfca","https://www-stage.pluralsight.com/courses/linux-foundation-certified-it-associate-lfca"
"https://www-stage.pluralsight.com/cloud-guru/courses/introduction-to-aws-cloudformation","https://www-stage.pluralsight.com/courses/introduction-to-aws-cloudformation"
"https://www-stage.pluralsight.com/cloud-guru/courses/introduction-to-aws","https://www-stage.pluralsight.com/courses/introduction-to-aws"
"https://www-stage.pluralsight.com/cloud-guru/courses/linux-domain-name-server-dns","https://www-stage.pluralsight.com/courses/linux-domain-name-server-dns"
"https://www-stage.pluralsight.com/cloud-guru/courses/introduction-to-vmware-cloud-on-aws","https://www-stage.pluralsight.com/courses/introduction-to-vmware-cloud-on-aws"
"https://www-stage.pluralsight.com/cloud-guru/courses/networking-and-compute-for-associate-aws-solutions-architects","https://www-stage.pluralsight.com/courses/networking-and-compute-for-associate-aws-solutions-architects"
"https://www-stage.pluralsight.com/cloud-guru/courses/introduction-to-azure-security","https://www-stage.pluralsight.com/courses/introduction-to-azure-security"
"https://www-stage.pluralsight.com/cloud-guru/courses/text-editing-with-emacs","https://www-stage.pluralsight.com/courses/text-editing-with-emacs"
"https://www-stage.pluralsight.com/cloud-guru/courses/managing-aws-with-ansible","https://www-stage.pluralsight.com/courses/managing-aws-with-ansible"
"https://www-stage.pluralsight.com/cloud-guru/courses/advanced-networking-with-kubernetes-on-aws","https://www-stage.pluralsight.com/courses/advanced-networking-with-kubernetes-on-aws"
"https://www-stage.pluralsight.com/cloud-guru/courses/hashicorp-vault","https://www-stage.pluralsight.com/courses/hashicorp-vault"
"https://www-stage.pluralsight.com/cloud-guru/courses/introduction-to-ansible","https://www-stage.pluralsight.com/courses/introduction-to-ansible"
"https://www-stage.pluralsight.com/cloud-guru/courses/introduction-to-event-driven-architecture","https://www-stage.pluralsight.com/courses/introduction-to-event-driven-architecture"
"https://www-stage.pluralsight.com/cloud-guru/courses/apache-kafka-deep-dive","https://www-stage.pluralsight.com/courses/apache-kafka-deep-dive"
"https://www-stage.pluralsight.com/cloud-guru/courses/learning-vagrant","https://www-stage.pluralsight.com/courses/learning-vagrant"
"https://www-stage.pluralsight.com/cloud-guru/courses/hands-on-kubernetes-clustering-for-cloud","https://www-stage.pluralsight.com/courses/hands-on-kubernetes-clustering-for-cloud"
"https://www-stage.pluralsight.com/cloud-guru/courses/how-to-deploy-compute-services-with-aws-cdk","https://www-stage.pluralsight.com/courses/how-to-deploy-compute-services-with-aws-cdk"
"https://www-stage.pluralsight.com/cloud-guru/courses/introduction-to-terragrunt-for-cloud","https://www-stage.pluralsight.com/courses/introduction-to-terragrunt-for-cloud"
"https://www-stage.pluralsight.com/cloud-guru/courses/centralizing-egress-traffic-via-aws-transit-gateway","https://www-stage.pluralsight.com/courses/centralizing-egress-traffic-via-aws-transit-gateway"
"https://www-stage.pluralsight.com/cloud-guru/courses/introduction-to-networking-infrastructure-in-an-azure-hybrid-environment","https://www-stage.pluralsight.com/courses/introduction-to-networking-infrastructure-in-an-azure-hybrid-environment"
"https://www-stage.pluralsight.com/cloud-guru/courses/hands-on-with-the-kubernetes-api","https://www-stage.pluralsight.com/courses/hands-on-with-the-kubernetes-api"
"https://www-stage.pluralsight.com/cloud-guru/courses/comptia-casp-risk-management-and-it-governance","https://www-stage.pluralsight.com/courses/comptia-casp-risk-management-and-it-governance"
"https://www-stage.pluralsight.com/cloud-guru/courses/troubleshooting-azure-data-factory-the-failed-experiment","https://www-stage.pluralsight.com/courses/troubleshooting-azure-data-factory-the-failed-experiment"
"https://www-stage.pluralsight.com/cloud-guru/courses/puppet-professional-certification-ppt206","https://www-stage.pluralsight.com/courses/puppet-professional-certification-ppt206"
"https://www-stage.pluralsight.com/cloud-guru/courses/essential-container-concepts","https://www-stage.pluralsight.com/courses/essential-container-concepts"
"https://www-stage.pluralsight.com/cloud-guru/courses/aws-certified-database-specialty-dbs-c01","https://www-stage.pluralsight.com/courses/aws-certified-database-specialty-dbs-c01"
"https://www-stage.pluralsight.com/cloud-guru/courses/chef-the-local-cookbook-development-badge","https://www-stage.pluralsight.com/courses/chef-the-local-cookbook-development-badge"
"https://www-stage.pluralsight.com/cloud-guru/courses/reliability-engineering-concepts","https://www-stage.pluralsight.com/courses/reliability-engineering-concepts"
"https://www-stage.pluralsight.com/cloud-guru/courses/service-mesh-with-istio","https://www-stage.pluralsight.com/courses/service-mesh-with-istio"
"https://www-stage.pluralsight.com/cloud-guru/courses/vim-the-improved-editor","https://www-stage.pluralsight.com/courses/vim-the-improved-editor"
"https://www-stage.pluralsight.com/cloud-guru/courses/docker-quick-start","https://www-stage.pluralsight.com/courses/docker-quick-start"
"https://www-stage.pluralsight.com/cloud-guru/courses/nginx-web-server-deep-dive","https://www-stage.pluralsight.com/courses/nginx-web-server-deep-dive"
"https://www-stage.pluralsight.com/cloud-guru/courses/amazon-aurora-cloud-sql-db-essentials","https://www-stage.pluralsight.com/courses/amazon-aurora-cloud-sql-db-essentials"
"https://www-stage.pluralsight.com/cloud-guru/courses/aws-iam-identity-and-access-management-deep-dive","https://www-stage.pluralsight.com/courses/aws-iam-identity-and-access-management-deep-dive"
"https://www-stage.pluralsight.com/cloud-guru/courses/hashicorp-certified-terraform-associate","https://www-stage.pluralsight.com/courses/hashicorp-certified-terraform-associate"
"https://www-stage.pluralsight.com/cloud-guru/courses/certified-ethical-hacker-ceh-linux-academys-prep-course","https://www-stage.pluralsight.com/courses/certified-ethical-hacker-ceh-linux-academys-prep-course"
"https://www-stage.pluralsight.com/cloud-guru/courses/introduction-to-owasp-top-10-security-risks","https://www-stage.pluralsight.com/courses/introduction-to-owasp-top-10-security-risks"
"https://www-stage.pluralsight.com/cloud-guru/courses/lpic-3-exam-300-mixed-environments","https://www-stage.pluralsight.com/courses/lpic-3-exam-300-mixed-environments"
"https://www-stage.pluralsight.com/cloud-guru/courses/professional-vmware-vrealize-automation-76-exam","https://www-stage.pluralsight.com/courses/professional-vmware-vrealize-automation-76-exam"
"https://www-stage.pluralsight.com/cloud-guru/courses/python-27-scripting-for-system-administrators","https://www-stage.pluralsight.com/courses/python-27-scripting-for-system-administrators"
"https://www-stage.pluralsight.com/cloud-guru/courses/openshift-4-authentication-and-user-management","https://www-stage.pluralsight.com/courses/openshift-4-authentication-and-user-management"
"https://www-stage.pluralsight.com/cloud-guru/courses/python-3-scripting-for-system-administrators","https://www-stage.pluralsight.com/courses/python-3-scripting-for-system-administrators"
"https://www-stage.pluralsight.com/cloud-guru/courses/comptia-linux-xk0-004-certification-exam","https://www-stage.pluralsight.com/courses/comptia-linux-xk0-004-certification-exam"
"https://www-stage.pluralsight.com/cloud-guru/courses/red-hat-certified-engineer-rhel-8-rhce","https://www-stage.pluralsight.com/courses/red-hat-certified-engineer-rhel-8-rhce"
"https://www-stage.pluralsight.com/cloud-guru/courses/az-800-administering-windows-server-hybrid-core-infrastructure","https://www-stage.pluralsight.com/courses/az-800-administering-windows-server-hybrid-core-infrastructure"
"https://www-stage.pluralsight.com/cloud-guru/courses/certified-associate-in-python-programming-certification-pcap-31-03","https://www-stage.pluralsight.com/courses/certified-associate-in-python-programming-certification-pcap-31-03"
"https://www-stage.pluralsight.com/cloud-guru/courses/comptia-casp-certification-cas-003-exam-preparation","https://www-stage.pluralsight.com/courses/comptia-casp-certification-cas-003-exam-preparation"
"https://www-stage.pluralsight.com/cloud-guru/courses/vmware-cloud-on-aws-management-exam-5vo-3119","https://www-stage.pluralsight.com/courses/vmware-cloud-on-aws-management-exam-5vo-3119"
"https://www-stage.pluralsight.com/cloud-guru/courses/red-hat-certified-specialist-in-openshift-42-administration-exam-prep-ex280","https://www-stage.pluralsight.com/courses/red-hat-certified-specialist-in-openshift-42-administration-exam-prep-ex280"
"https://www-stage.pluralsight.com/cloud-guru/courses/dp-420-designing-and-implementing-cloud-native-applications-using-microsoft-azure-cosmos-db","https://www-stage.pluralsight.com/courses/dp-420-designing-and-implementing-cloud-native-applications-using-microsoft-azure-cosmos-db"
"https://www-stage.pluralsight.com/cloud-guru/courses/az-700-microsoft-azure-network-engineer-associate","https://www-stage.pluralsight.com/courses/az-700-microsoft-azure-network-engineer-associate"
"https://www-stage.pluralsight.com/cloud-guru/courses/dp-900-azure-data-fundamentals","https://www-stage.pluralsight.com/courses/dp-900-azure-data-fundamentals"
"https://www-stage.pluralsight.com/cloud-guru/courses/preliminary-exam-in-red-hat-system-administration-1-pe124-exam-preparation","https://www-stage.pluralsight.com/courses/preliminary-exam-in-red-hat-system-administration-1-pe124-exam-preparation"
"https://www-stage.pluralsight.com/cloud-guru/courses/lpic-2-linux-engineer-exam-201","https://www-stage.pluralsight.com/courses/lpic-2-linux-engineer-exam-201"
"https://www-stage.pluralsight.com/cloud-guru/courses/ai-900-microsoft-certified-azure-ai-fundamentals","https://www-stage.pluralsight.com/courses/ai-900-microsoft-certified-azure-ai-fundamentals"
"https://www-stage.pluralsight.com/cloud-guru/courses/deploying-and-managing-applications-in-openshift-4","https://www-stage.pluralsight.com/courses/deploying-and-managing-applications-in-openshift-4"
"https://www-stage.pluralsight.com/cloud-guru/courses/lpic-2-linux-engineer-exam-202-450-preparation","https://www-stage.pluralsight.com/courses/lpic-2-linux-engineer-exam-202-450-preparation"
"https://www-stage.pluralsight.com/cloud-guru/courses/az-140-microsoft-certified-azure-virtual-desktop-specialty","https://www-stage.pluralsight.com/courses/az-140-microsoft-certified-azure-virtual-desktop-specialty"
"https://www-stage.pluralsight.com/cloud-guru/courses/az-305-designing-microsoft-azure-infrastructure-solutions","https://www-stage.pluralsight.com/courses/az-305-designing-microsoft-azure-infrastructure-solutions"
"https://www-stage.pluralsight.com/cloud-guru/courses/lpic-3-exam-303-security","https://www-stage.pluralsight.com/courses/lpic-3-exam-303-security"
"https://www-stage.pluralsight.com/cloud-guru/courses/the-system-administrators-guide-to-bash-scripting-new-2020","https://www-stage.pluralsight.com/courses/the-system-administrators-guide-to-bash-scripting-new-2020"
"https://www-stage.pluralsight.com/cloud-guru/courses/lpic-1-system-administrator-exam-102-v5-objectives","https://www-stage.pluralsight.com/courses/lpic-1-system-administrator-exam-102-v5-objectives"
"https://www-stage.pluralsight.com/cloud-guru/courses/pl-900-microsoft-power-platform-fundamentals","https://www-stage.pluralsight.com/courses/pl-900-microsoft-power-platform-fundamentals"
"https://www-stage.pluralsight.com/cloud-guru/courses/lpic-1-system-administrator-exam-101-v5-objectives","https://www-stage.pluralsight.com/courses/lpic-1-system-administrator-exam-101-v5-objectives"
"https://www-stage.pluralsight.com/cloud-guru/courses/centos-enterprise-linux-8-essentials","https://www-stage.pluralsight.com/courses/centos-enterprise-linux-8-essentials"
"https://www-stage.pluralsight.com/cloud-guru/courses/az-801-configuring-windows-server-hybrid-advanced-services","https://www-stage.pluralsight.com/courses/az-801-configuring-windows-server-hybrid-advanced-services"
"https://www-stage.pluralsight.com/cloud-guru/courses/how-to-manage-permissions-with-azure-iam","https://www-stage.pluralsight.com/courses/how-to-manage-permissions-with-azure-iam"
"https://www-stage.pluralsight.com/cloud-guru/courses/introduction-to-devsecops-for-cloud","https://www-stage.pluralsight.com/courses/introduction-to-devsecops-for-cloud"
"https://www-stage.pluralsight.com/cloud-guru/courses/securing-linux-for-the-cloud","https://www-stage.pluralsight.com/courses/securing-linux-for-the-cloud"
"https://www-stage.pluralsight.com/cloud-guru/courses/backing-up-and-restoring-virtual-machines-with-azure-backup","https://www-stage.pluralsight.com/courses/backing-up-and-restoring-virtual-machines-with-azure-backup"
"https://www-stage.pluralsight.com/cloud-guru/courses/aws-certified-advanced-networking-specialty-ans-c01","https://www-stage.pluralsight.com/courses/aws-certified-advanced-networking-specialty-ans-c01"
"https://www-stage.pluralsight.com/cloud-guru/courses/how-to-secure-cloud-infrastructure-with-generative-ai","https://www-stage.pluralsight.com/courses/how-to-secure-cloud-infrastructure-with-generative-ai"
"https://www-stage.pluralsight.com/cloud-guru/courses/introduction-to-prompt-engineering-for-the-aws-cloud-practitioner","https://www-stage.pluralsight.com/courses/introduction-to-prompt-engineering-for-the-aws-cloud-practitioner"
"https://www-stage.pluralsight.com/cloud-guru/courses/aws-certified-data-analytics-specialty-das-c01","https://www-stage.pluralsight.com/courses/aws-certified-data-analytics-specialty-das-c01"
"https://www-stage.pluralsight.com/cloud-guru/courses/introduction-to-ansible-on-the-cloud","https://www-stage.pluralsight.com/courses/introduction-to-ansible-on-the-cloud"
"https://www-stage.pluralsight.com/cloud-guru/courses/infrastructure-as-code-on-aws-with-cloudformation","https://www-stage.pluralsight.com/courses/infrastructure-as-code-on-aws-with-cloudformation"
"https://www-stage.pluralsight.com/cloud-guru/courses/generative-ai-foundations-for-aws","https://www-stage.pluralsight.com/courses/generative-ai-foundations-for-aws"
"https://www-stage.pluralsight.com/cloud-guru/courses/introduction-to-web-apps-on-azure","https://www-stage.pluralsight.com/courses/introduction-to-web-apps-on-azure"
"https://www-stage.pluralsight.com/cloud-guru/courses/building-serverless-apps-in-aws-with-graph-databases","https://www-stage.pluralsight.com/courses/building-serverless-apps-in-aws-with-graph-databases"
"https://www-stage.pluralsight.com/cloud-guru/courses/building-machine-learning-pipelines-on-aws","https://www-stage.pluralsight.com/courses/building-machine-learning-pipelines-on-aws"
"https://www-stage.pluralsight.com/cloud-guru/courses/introduction-to-azure-stream-analytics","https://www-stage.pluralsight.com/courses/introduction-to-azure-stream-analytics"
"https://www-stage.pluralsight.com/cloud-guru/courses/hands-on-with-amazon-eks","https://www-stage.pluralsight.com/courses/hands-on-with-amazon-eks"
"https://www-stage.pluralsight.com/cloud-guru/courses/introduction-to-application-development-on-microsoft-azure","https://www-stage.pluralsight.com/courses/introduction-to-application-development-on-microsoft-azure"
"https://www-stage.pluralsight.com/cloud-guru/courses/introduction-to-machine-learning-on-aws","https://www-stage.pluralsight.com/courses/introduction-to-machine-learning-on-aws"
"https://www-stage.pluralsight.com/cloud-guru/courses/automate-security-and-compliance-scanning-in-aws","https://www-stage.pluralsight.com/courses/automate-security-and-compliance-scanning-in-aws"
"https://www-stage.pluralsight.com/cloud-guru/courses/working-with-aspnet-web-api-on-aws-lambda","https://www-stage.pluralsight.com/courses/working-with-aspnet-web-api-on-aws-lambda"
"https://www-stage.pluralsight.com/cloud-guru/courses/build-automation-with-gradle-in-the-cloud","https://www-stage.pluralsight.com/courses/build-automation-with-gradle-in-the-cloud"
"https://www-stage.pluralsight.com/cloud-guru/courses/dp-100-designing-and-implementing-a-data-science-solution-on-azure","https://www-stage.pluralsight.com/courses/dp-100-designing-and-implementing-a-data-science-solution-on-azure"
"https://www-stage.pluralsight.com/cloud-guru/courses/amazon-athena-deep-dive","https://www-stage.pluralsight.com/courses/amazon-athena-deep-dive"
"https://www-stage.pluralsight.com/cloud-guru/courses/sre-for-azure-deep-dive","https://www-stage.pluralsight.com/courses/sre-for-azure-deep-dive"
"https://www-stage.pluralsight.com/cloud-guru/courses/creating-business-value-using-generative-ai-on-aws","https://www-stage.pluralsight.com/courses/creating-business-value-using-generative-ai-on-aws"
"https://www-stage.pluralsight.com/cloud-guru/courses/azure-cosmos-db-deep-dive","https://www-stage.pluralsight.com/courses/azure-cosmos-db-deep-dive"
"https://www-stage.pluralsight.com/cloud-guru/courses/aws-lambda-deep-dive","https://www-stage.pluralsight.com/courses/aws-lambda-deep-dive"
"https://www-stage.pluralsight.com/cloud-guru/courses/monitoring-and-troubleshooting-windows-server-in-azure-environments","https://www-stage.pluralsight.com/courses/monitoring-and-troubleshooting-windows-server-in-azure-environments"
"https://www-stage.pluralsight.com/cloud-guru/courses/introduction-to-azure-ai-services","https://www-stage.pluralsight.com/courses/introduction-to-azure-ai-services"
"https://www-stage.pluralsight.com/cloud-guru/courses/implementing-windows-server-dr-in-an-azure-environment","https://www-stage.pluralsight.com/courses/implementing-windows-server-dr-in-an-azure-environment"
"https://www-stage.pluralsight.com/cloud-guru/courses/regular-expressions-for-the-cloud-engineer-deep-dive","https://www-stage.pluralsight.com/courses/regular-expressions-for-the-cloud-engineer-deep-dive"
"https://www-stage.pluralsight.com/cloud-guru/courses/dp-203-secure-monitor-and-optimize-data-storage-and-processing","https://www-stage.pluralsight.com/courses/dp-203-secure-monitor-and-optimize-data-storage-and-processing"
"https://www-stage.pluralsight.com/cloud-guru/courses/dp-203-processing-in-azure-using-streaming-solutions","https://www-stage.pluralsight.com/courses/dp-203-processing-in-azure-using-streaming-solutions"
"https://www-stage.pluralsight.com/cloud-guru/courses/dp-203-processing-in-azure-using-batch-solutions","https://www-stage.pluralsight.com/courses/dp-203-processing-in-azure-using-batch-solutions"
"https://www-stage.pluralsight.com/cloud-guru/courses/dp-203-building-an-azure-data-engineer-foundation","https://www-stage.pluralsight.com/courses/dp-203-building-an-azure-data-engineer-foundation"
"https://www-stage.pluralsight.com/cloud-guru/courses/dp-203-data-ingestion-and-preparation","https://www-stage.pluralsight.com/courses/dp-203-data-ingestion-and-preparation"
"https://www-stage.pluralsight.com/cloud-guru/courses/automating-role-based-security-in-aws","https://www-stage.pluralsight.com/courses/automating-role-based-security-in-aws"
"https://www-stage.pluralsight.com/cloud-guru/courses/integrating-github-with-azure-pipelines","https://www-stage.pluralsight.com/courses/integrating-github-with-azure-pipelines"
"https://www-stage.pluralsight.com/cloud-guru/courses/dp-203-data-engineering-on-microsoft-azure-practice-exam","https://www-stage.pluralsight.com/courses/dp-203-data-engineering-on-microsoft-azure-practice-exam"
"https://www-stage.pluralsight.com/cloud-guru/courses/azure-functions-deep-dive","https://www-stage.pluralsight.com/courses/azure-functions-deep-dive"
"https://www-stage.pluralsight.com/cloud-guru/courses/azure-ai-search-learn-by-doing","https://www-stage.pluralsight.com/courses/azure-ai-search-learn-by-doing"
"https://www-stage.pluralsight.com/cloud-guru/courses/amazon-eks-quickstart","https://www-stage.pluralsight.com/courses/amazon-eks-quickstart"
"https://www-stage.pluralsight.com/cloud-guru/courses/cloud-transformation-defining-a-strategy","https://www-stage.pluralsight.com/courses/cloud-transformation-defining-a-strategy"
"https://www-stage.pluralsight.com/cloud-guru/courses/azure-security-engineer-associate-az-500-practice-exam","https://www-stage.pluralsight.com/courses/azure-security-engineer-associate-az-500-practice-exam"
"https://www-stage.pluralsight.com/cloud-guru/courses/microsoft-azure-fundamentals-az-900-azure-architecture-and-services","https://www-stage.pluralsight.com/courses/microsoft-azure-fundamentals-az-900-azure-architecture-and-services"
"https://www-stage.pluralsight.com/cloud-guru/courses/microsoft-certified-azure-solutions-architect-expert-az-305-database-integration-and-analysis-storage-solutions","https://www-stage.pluralsight.com/courses/microsoft-certified-azure-solutions-architect-expert-az-305-database-integration-and-analysis-storage-solutions"
"https://www-stage.pluralsight.com/cloud-guru/courses/cloud-ai-security-principles","https://www-stage.pluralsight.com/courses/cloud-ai-security-principles"
"https://www-stage.pluralsight.com/cloud-guru/courses/introduction-to-microsoft-entra-id","https://www-stage.pluralsight.com/courses/introduction-to-microsoft-entra-id"
"https://www-stage.pluralsight.com/cloud-guru/courses/multicloud-foundations","https://www-stage.pluralsight.com/courses/multicloud-foundations"
"https://www-stage.pluralsight.com/cloud-guru/courses/finops-foundations","https://www-stage.pluralsight.com/courses/finops-foundations"
"https://www-stage.pluralsight.com/cloud-guru/courses/microsoft-azure-fundamentals-az-900-azure-security-management-and-governance","https://www-stage.pluralsight.com/courses/microsoft-azure-fundamentals-az-900-azure-security-management-and-governance"
"https://www-stage.pluralsight.com/cloud-guru/courses/infrastructure-as-code-on-azure-deep-dive","https://www-stage.pluralsight.com/courses/infrastructure-as-code-on-azure-deep-dive"
"https://www-stage.pluralsight.com/cloud-guru/courses/microsoft-certified-azure-solutions-architect-expert-az-305-identity-governance-and-monitoring-solutions","https://www-stage.pluralsight.com/courses/microsoft-certified-azure-solutions-architect-expert-az-305-identity-governance-and-monitoring-solutions"
"https://www-stage.pluralsight.com/cloud-guru/courses/microsoft-certified-azure-administrator-associate-az-104-implement-and-manage-virtual-networking","https://www-stage.pluralsight.com/courses/microsoft-certified-azure-administrator-associate-az-104-implement-and-manage-virtual-networking"
"https://www-stage.pluralsight.com/cloud-guru/courses/azure-security-engineer-associate-az-500-manage-security-operations","https://www-stage.pluralsight.com/courses/azure-security-engineer-associate-az-500-manage-security-operations"
"https://www-stage.pluralsight.com/cloud-guru/courses/implementing-spring-boot-and-spring-cloud-in-aws","https://www-stage.pluralsight.com/courses/implementing-spring-boot-and-spring-cloud-in-aws"
"https://www-stage.pluralsight.com/cloud-guru/courses/implementing-endpoint-security-in-aws","https://www-stage.pluralsight.com/courses/implementing-endpoint-security-in-aws"
"https://www-stage.pluralsight.com/cloud-guru/courses/foundations-of-the-aws-cdk","https://www-stage.pluralsight.com/courses/foundations-of-the-aws-cdk"
"https://www-stage.pluralsight.com/cloud-guru/courses/introduction-to-aws-fargate","https://www-stage.pluralsight.com/courses/introduction-to-aws-fargate"
"https://www-stage.pluralsight.com/cloud-guru/courses/azure-security-engineer-associate-az-500-secure-compute-storage-and-databases","https://www-stage.pluralsight.com/courses/azure-security-engineer-associate-az-500-secure-compute-storage-and-databases"
"https://www-stage.pluralsight.com/cloud-guru/courses/microsoft-certified-azure-administrator-associate-az-104-manage-azure-identities-and-governance","https://www-stage.pluralsight.com/courses/microsoft-certified-azure-administrator-associate-az-104-manage-azure-identities-and-governance"
"https://www-stage.pluralsight.com/cloud-guru/courses/microsoft-certified-azure-administrator-associate-az-104-monitor-and-maintain-azure-resources","https://www-stage.pluralsight.com/courses/microsoft-certified-azure-administrator-associate-az-104-monitor-and-maintain-azure-resources"
"https://www-stage.pluralsight.com/cloud-guru/courses/amazon-kinesis-deep-dive","https://www-stage.pluralsight.com/courses/amazon-kinesis-deep-dive"
"https://www-stage.pluralsight.com/cloud-guru/courses/aws-certified-data-engineer-associate-dea-c01-data-security-and-governance","https://www-stage.pluralsight.com/courses/aws-certified-data-engineer-associate-dea-c01-data-security-and-governance"
"https://www-stage.pluralsight.com/cloud-guru/courses/securing-azure-hybrid-environments","https://www-stage.pluralsight.com/courses/securing-azure-hybrid-environments"
"https://www-stage.pluralsight.com/cloud-guru/courses/azure-ai-engineer-associate-ai-102-natural-language-processing-solutions","https://www-stage.pluralsight.com/courses/azure-ai-engineer-associate-ai-102-natural-language-processing-solutions"
"https://www-stage.pluralsight.com/cloud-guru/courses/microsoft-azure-ai-fundamentals-ai-900-computer-vision-workloads-on-azure","https://www-stage.pluralsight.com/courses/microsoft-azure-ai-fundamentals-ai-900-computer-vision-workloads-on-azure"
"https://www-stage.pluralsight.com/cloud-guru/courses/microsoft-azure-fundamentals-az-900-foundational-cloud-concepts","https://www-stage.pluralsight.com/courses/microsoft-azure-fundamentals-az-900-foundational-cloud-concepts"
"https://www-stage.pluralsight.com/cloud-guru/courses/terraform-concepts-for-cloud","https://www-stage.pluralsight.com/courses/terraform-concepts-for-cloud"
"https://www-stage.pluralsight.com/cloud-guru/courses/introduction-to-azure-ai-search","https://www-stage.pluralsight.com/courses/introduction-to-azure-ai-search"
"https://www-stage.pluralsight.com/cloud-guru/courses/advanced-terraform-with-aws","https://www-stage.pluralsight.com/courses/advanced-terraform-with-aws"
"https://www-stage.pluralsight.com/cloud-guru/courses/generative-ai-foundations-for-cloud","https://www-stage.pluralsight.com/courses/generative-ai-foundations-for-cloud"
"https://www-stage.pluralsight.com/cloud-guru/courses/overview-of-site-reliability-engineering-for-cloud","https://www-stage.pluralsight.com/courses/overview-of-site-reliability-engineering-for-cloud"
"https://www-stage.pluralsight.com/cloud-guru/courses/azure-ai-engineer-associate-ai-102-azure-ai-fundamentals-planning-and-management","https://www-stage.pluralsight.com/courses/azure-ai-engineer-associate-ai-102-azure-ai-fundamentals-planning-and-management"
"https://www-stage.pluralsight.com/cloud-guru/courses/introduction-to-serverless-with-azure-functions","https://www-stage.pluralsight.com/courses/introduction-to-serverless-with-azure-functions"
"https://www-stage.pluralsight.com/cloud-guru/courses/azure-security-engineer-associate-az-500-secure-networking","https://www-stage.pluralsight.com/courses/azure-security-engineer-associate-az-500-secure-networking"
"https://www-stage.pluralsight.com/cloud-guru/courses/amazon-s3-deep-dive","https://www-stage.pluralsight.com/courses/amazon-s3-deep-dive"
"https://www-stage.pluralsight.com/cloud-guru/courses/microsoft-certified-azure-administrator-associate-az-104-implement-and-manage-storage","https://www-stage.pluralsight.com/courses/microsoft-certified-azure-administrator-associate-az-104-implement-and-manage-storage"
"https://www-stage.pluralsight.com/cloud-guru/courses/terraform-quickstart","https://www-stage.pluralsight.com/courses/terraform-quickstart"
"https://www-stage.pluralsight.com/cloud-guru/courses/microsoft-azure-cost-optimization-deep-dive","https://www-stage.pluralsight.com/courses/microsoft-azure-cost-optimization-deep-dive"
"https://www-stage.pluralsight.com/cloud-guru/courses/serverless-security-principles","https://www-stage.pluralsight.com/courses/serverless-security-principles"
"https://www-stage.pluralsight.com/cloud-guru/courses/microsoft-certified-azure-administrator-associate-az-104-deploy-and-manage-azure-compute-resources","https://www-stage.pluralsight.com/courses/microsoft-certified-azure-administrator-associate-az-104-deploy-and-manage-azure-compute-resources"
"https://www-stage.pluralsight.com/cloud-guru/courses/aws-certified-machine-learning-specialty-mls-c01-exploratory-data-analysis","https://www-stage.pluralsight.com/courses/aws-certified-machine-learning-specialty-mls-c01-exploratory-data-analysis"
"https://www-stage.pluralsight.com/cloud-guru/courses/aws-certified-machine-learning-specialty-mls-c01-data-engineering","https://www-stage.pluralsight.com/courses/aws-certified-machine-learning-specialty-mls-c01-data-engineering"
"https://www-stage.pluralsight.com/cloud-guru/courses/azure-ai-engineer-associate-ai-102-content-moderation-solutions","https://www-stage.pluralsight.com/courses/azure-ai-engineer-associate-ai-102-content-moderation-solutions"
"https://www-stage.pluralsight.com/cloud-guru/courses/microsoft-azure-ai-fundamentals-ai-900-artificial-intelligence-workloads-and-considerations","https://www-stage.pluralsight.com/courses/microsoft-azure-ai-fundamentals-ai-900-artificial-intelligence-workloads-and-considerations"
"https://www-stage.pluralsight.com/cloud-guru/courses/implementing-endpoint-security-in-azure","https://www-stage.pluralsight.com/courses/implementing-endpoint-security-in-azure"
"https://www-stage.pluralsight.com/cloud-guru/courses/cost-control-on-aws","https://www-stage.pluralsight.com/courses/cost-control-on-aws"
"https://www-stage.pluralsight.com/cloud-guru/courses/-aws-certified-data-engineer-associate-dea-c01-data-store-management","https://www-stage.pluralsight.com/courses/-aws-certified-data-engineer-associate-dea-c01-data-store-management"
"https://www-stage.pluralsight.com/cloud-guru/courses/aws-certified-data-engineer-associate-dea-c01-data-operations-and-support","https://www-stage.pluralsight.com/courses/aws-certified-data-engineer-associate-dea-c01-data-operations-and-support"
"https://www-stage.pluralsight.com/cloud-guru/courses/-aws-certified-data-engineer-associate-dea-c01-data-ingestion-and-transformation","https://www-stage.pluralsight.com/courses/-aws-certified-data-engineer-associate-dea-c01-data-ingestion-and-transformation"
"https://www-stage.pluralsight.com/cloud-guru/courses/microsoft-certified-azure-solutions-architect-expert-az-305-networking-file-and-blob-storage-solutions","https://www-stage.pluralsight.com/courses/microsoft-certified-azure-solutions-architect-expert-az-305-networking-file-and-blob-storage-solutions"
"https://www-stage.pluralsight.com/cloud-guru/courses/microsoft-azure-fundamentals-az-900-identity-deployment-and-management","https://www-stage.pluralsight.com/courses/microsoft-azure-fundamentals-az-900-identity-deployment-and-management"
"https://www-stage.pluralsight.com/cloud-guru/courses/azure-security-engineer-associate-az-500-manage-identity-and-access","https://www-stage.pluralsight.com/courses/azure-security-engineer-associate-az-500-manage-identity-and-access"
"https://www-stage.pluralsight.com/cloud-guru/courses/deploying-applications-with-the-aws-cdk","https://www-stage.pluralsight.com/courses/deploying-applications-with-the-aws-cdk"
"https://www-stage.pluralsight.com/cloud-guru/courses/microsoft-certified-azure-solutions-architect-expert-az-305-exam-preparation","https://www-stage.pluralsight.com/courses/microsoft-certified-azure-solutions-architect-expert-az-305-exam-preparation"
"https://www-stage.pluralsight.com/cloud-guru/courses/azure-ai-engineer-associate-ai-102-generative-ai-solutions","https://www-stage.pluralsight.com/courses/azure-ai-engineer-associate-ai-102-generative-ai-solutions"
"https://www-stage.pluralsight.com/cloud-guru/courses/aws-certified-machine-learning-specialty-mls-c01-modeling","https://www-stage.pluralsight.com/courses/aws-certified-machine-learning-specialty-mls-c01-modeling"
"https://www-stage.pluralsight.com/cloud-guru/courses/microsoft-certified-azure-administrator-associate-az-104-exam-preparation","https://www-stage.pluralsight.com/courses/microsoft-certified-azure-administrator-associate-az-104-exam-preparation"
"https://www-stage.pluralsight.com/cloud-guru/courses/introduction-to-amazon-bedrock","https://www-stage.pluralsight.com/courses/introduction-to-amazon-bedrock"
"https://www-stage.pluralsight.com/cloud-guru/courses/microsoft-azure-ai-fundamentals-ai-900-natural-language-processing-nlp-workloads-on-azure","https://www-stage.pluralsight.com/courses/microsoft-azure-ai-fundamentals-ai-900-natural-language-processing-nlp-workloads-on-azure"
"https://www-stage.pluralsight.com/cloud-guru/courses/microsoft-azure-ai-fundamentals-ai-900-generative-ai-workloads-on-azure","https://www-stage.pluralsight.com/courses/microsoft-azure-ai-fundamentals-ai-900-generative-ai-workloads-on-azure"
"https://www-stage.pluralsight.com/cloud-guru/courses/chaos-engineering-concepts-for-azure","https://www-stage.pluralsight.com/courses/chaos-engineering-concepts-for-azure"
"https://www-stage.pluralsight.com/cloud-guru/courses/aws-certified-machine-learning-specialty-mls-c01-machine-learning-implementation-and-operations","https://www-stage.pluralsight.com/courses/aws-certified-machine-learning-specialty-mls-c01-machine-learning-implementation-and-operations"
"https://www-stage.pluralsight.com/cloud-guru/courses/azure-organization-and-portal-basics","https://www-stage.pluralsight.com/courses/azure-organization-and-portal-basics"
"https://www-stage.pluralsight.com/cloud-guru/courses/aws-certified-data-engineer-associate-dea-c01-exam-preparation","https://www-stage.pluralsight.com/courses/aws-certified-data-engineer-associate-dea-c01-exam-preparation"
"https://www-stage.pluralsight.com/cloud-guru/courses/aws-certified-data-engineer-associate-dea-c01-introduction","https://www-stage.pluralsight.com/courses/aws-certified-data-engineer-associate-dea-c01-introduction"
"https://www-stage.pluralsight.com/cloud-guru/courses/microsoft-azure-fundamentals-az-900-exam-preparation","https://www-stage.pluralsight.com/courses/microsoft-azure-fundamentals-az-900-exam-preparation"
"https://www-stage.pluralsight.com/cloud-guru/courses/optimizing-azure-functions-for-performance-and-cost","https://www-stage.pluralsight.com/courses/optimizing-azure-functions-for-performance-and-cost"
"https://www-stage.pluralsight.com/cloud-guru/courses/hands-on-with-terraform-on-aws","https://www-stage.pluralsight.com/courses/hands-on-with-terraform-on-aws"
"https://www-stage.pluralsight.com/cloud-guru/courses/deploy-azure-kubernetes-service-aks","https://www-stage.pluralsight.com/courses/deploy-azure-kubernetes-service-aks"
"https://www-stage.pluralsight.com/cloud-guru/courses/working-with-large-scale-environments-with-the-aws-cdk","https://www-stage.pluralsight.com/courses/working-with-large-scale-environments-with-the-aws-cdk"